{
  "order_q": 0.9,
  "pseudo_capacitance_F_s^(q-1)": 1e-06,
  "approx_band_Hz": [
    10.0,
    10000.0
  ],
  "topology": "Foster-I: series R_s + parallel (R_i || C_i) branches",
  "Rs_ohm": 0.0,
  "n_branches": 7,
  "R_ohm": [
    54702.5136,
    175.5782,
    231.7072,
    5.2046,
    28.7153,
    2.6137,
    5.453
  ],
  "C_farad": [
    5.805142022836217e-07,
    8.078852063239848e-06,
    2.1721042484610977e-06,
    3.431071231554543e-05,
    2.206514333877172e-06,
    8.601159388855256e-06,
    1.4627955969552923e-06
  ],
  "relaxation_freq_Hz": [
    5.0119,
    112.2018,
    316.2278,
    891.2509,
    2511.8864,
    7079.4578,
    19952.6231
  ],
  "target_phase_deg": -81.0,
  "mean_phase_in_band_deg": -78.99,
  "phase_ripple_std_deg": 3.759,
  "magnitude_mean_rel_error": 0.0173
}